iter	MultiClass
0	6.750125144
1	6.374230315
